propensity_decile,customers,responders,response_rate,lift,cumulative_capture_rate
1,7623,3013,0.3952512134330316,3.2248809666337546,0.32252194390922717
2,7622,2430,0.3188139595906586,2.601224323262597,0.5826375508456433
3,7622,1975,0.2591183416426135,2.1141638018286537,0.7940483836437594
